id,state
0,0
1,0
2,0
3,0
4,0
5,0
6,0
7,0
8,0
9,0
10,0
11,3
12,3
13,2
14,0
15,0
16,0
17,0
18,0
19,0
20,0
21,0
22,0
23,3
24,0
25,0
26,0
27,0
28,0
29,3
30,0
31,0
32,0
33,0
34,3
35,0
36,0
37,0
38,0
39,0
40,3
41,3
42,1
43,1
44,0
45,0
46,1
47,0
48,1
49,3
50,0
51,0
52,0
53,0
54,0
55,0
56,0
57,0
58,0
59,0
60,0
61,0
62,0
63,0
64,2
65,0
66,0
67,0
68,0
69,1
70,0
71,0
72,0
73,0
74,2
75,0
76,1
77,0
78,0
79,0
80,0
81,0
82,0
83,0
84,3
85,0
86,0
87,2
88,0
89,0
90,1
91,3
92,1
93,0
94,3
95,3
96,0
97,3
98,0
99,0
100,0
101,2
102,0
103,3
104,0
105,0
106,0
107,0
108,2
109,0
110,0
111,3
112,0
113,0
114,0
115,0
116,0
117,0
118,0
119,0
120,1
121,0
122,0
123,2
124,1
125,3
126,0
127,0
128,0
129,0
130,2
131,0
132,0
133,0
134,0
135,0
136,0
137,3
138,0
139,3
140,0
141,0
142,2
143,3
144,2
145,0
146,3
147,3
148,0
149,0
150,0
151,0
152,0
153,2
154,0
155,0
156,2
157,0
158,0
159,0
160,0
161,0
162,0
163,0
164,0
165,0
166,3
167,3
168,3
169,0
170,0
171,0
172,0
173,0
174,2
175,2
176,0
177,1
178,1
179,0
180,2
181,2
182,3
183,0
184,0
185,0
186,3
187,0
188,2
189,0
190,0
191,1
192,1
193,2
194,1
195,1
196,0
197,0
198,0
199,0
200,0
201,0
202,0
203,3
204,3
205,0
206,2
207,3
208,2
209,1
210,0
211,2
212,1
213,0
214,2
215,0
216,0
217,0
218,0
219,0
220,0
221,0
222,0
223,0
224,0
225,0
226,2
227,0
228,0
229,0
230,1
231,0
232,2
233,2
234,0
235,0
236,1
237,0
238,3
239,1
240,0
241,0
242,0
243,0
244,0
245,0
246,0
247,0
248,0
249,0
250,3
251,2
252,1
253,2
254,0
255,0
256,0
257,0
258,0
259,0
260,0
261,0
262,0
263,0
264,0
265,0
266,0
267,0
268,0
269,0
270,0
271,1
272,2
273,0
274,2
275,0
276,0
277,0
278,0
279,0
280,0
281,0
282,0
283,0
284,0
285,0
286,3
287,2
288,0
289,0
290,1
291,1
292,1
293,1
294,1
295,1
296,1
297,1
298,1
299,3
300,3
301,0
302,1
303,0
304,3
305,0
306,1
307,1
308,1
309,1
310,1
311,1
312,1
313,1
314,2
315,3
316,0
317,3
318,3
319,1
320,1
321,1
322,1
323,1
324,1
325,3
326,1
327,1
328,1
329,1
330,1
331,3
332,1
333,1
334,1
335,1
336,1
337,3
338,3
339,1
340,1
341,0
342,1
343,1
344,1
345,1
346,1
347,0
348,3
349,1
350,0
351,1
352,3
353,1
354,3
355,3
356,1
357,3
358,1
359,3
360,1
361,1
362,1
363,1
364,1
365,1
366,1
367,1
368,1
369,1
370,3
371,1
372,1
373,3
374,3
375,1
376,1
377,1
378,1
379,0
380,1
381,0
382,3
383,3
384,3
385,1
386,1
387,1
388,0
389,3
390,1
391,1
392,1
393,1
394,1
395,1
396,1
397,1
398,1
399,0
400,1
401,1
402,1
403,0
404,0
405,0
406,1
407,0
408,3
409,3
410,1
411,1
412,1
413,1
414,2
415,3
416,1
417,1
418,1
419,1
420,1
421,1
422,0
423,1
424,1
425,3
426,1
427,3
428,1
429,1
430,1
431,1
432,1
433,0
434,1
435,1
436,1
437,3
438,1
439,1
440,1
441,1
442,1
443,1
444,1
445,1
446,1
447,1
448,1
449,1
450,3
451,0
452,1
453,2
454,3
455,3
456,2
457,1
458,1
459,3
460,1
461,1
462,1
463,1
464,1
465,3
466,3
467,1
468,0
469,0
470,3
471,1
472,3
473,1
474,1
475,3
476,1
477,3
478,1
479,0
480,1
481,1
482,1
483,1
484,3
485,1
486,1
487,1
488,1
489,3
490,1
491,3
492,1
493,3
494,1
495,0
496,1
497,1
498,1
499,0
500,0
501,1
502,1
503,3
504,1
505,3
506,3
507,0
508,3
509,3
510,0
511,0
512,1
513,1
514,1
515,1
516,1
517,1
518,3
519,3
520,1
521,0
522,3
523,1
524,1
525,2
526,3
527,2
528,1
529,1
530,1
531,1
532,1
533,1
534,1
535,3
536,1
537,1
538,3
539,3
540,1
541,1
542,1
543,1
544,1
545,3
546,3
547,1
548,3
549,3
550,3
551,2
552,1
553,1
554,1
555,1
556,1
557,1
558,1
559,1
560,1
561,3
562,3
563,3
564,2
565,3
566,3
567,1
568,3
569,3
570,0
571,1
572,0
573,3
574,1
575,1
576,1
577,1
578,3
579,3
580,1
581,1
582,1
583,1
584,1
585,1
586,3
587,1
588,1
589,1
590,1
591,3
592,1
593,1
594,1
595,0
596,1
597,1
598,1
599,0
600,1
601,0
602,0
603,3
604,3
605,1
606,1
607,3
608,1
609,3
610,1
611,1
612,1
613,3
614,3
615,1
616,0
617,0
618,1
619,3
620,1
621,3
622,1
623,3
624,1
625,1
626,3
627,1
628,1
629,1
630,3
631,3
632,3
633,3
634,1
635,1
636,0
637,0
638,1
639,0
640,0
641,0
642,0
643,0
644,0
645,1
646,3
647,3
648,1
649,2
650,0
651,0
652,3
653,1
654,1
655,1
656,3
657,0
658,3
659,1
660,1
661,0
662,0
663,1
664,1
665,3
666,3
667,1
668,0
669,1
670,0
671,3
672,3
673,3
674,1
675,3
676,3
677,1
678,1
679,1
680,1
681,1
682,1
683,0
684,0
685,1
686,0
687,3
688,1
689,1
690,1
691,1
692,1
693,1
694,3
695,3
696,3
697,1
698,1
699,2
700,1
701,0
702,3
703,3
704,1
705,1
706,0
707,1
708,1
709,1
710,1
711,1
712,3
713,1
714,1
715,1
716,1
717,1
718,1
719,1
720,3
721,3
722,1
723,1
724,1
725,3
726,3
727,1
728,1
729,1
730,1
731,1
732,1
733,1
734,1
735,1
736,1
737,3
738,1
739,3
740,1
741,1
742,1
743,1
744,3
745,2
746,3
747,3
748,2
749,2
750,2
751,1
752,2
753,0
754,1
755,0
756,1
757,1
758,1
759,1
760,3
761,0
762,0
763,1
764,0
765,3
766,1
767,1
768,1
769,2
770,1
771,3
772,3
773,3
774,3
775,3
776,3
777,2
778,1
779,1
780,1
781,1
782,1
783,1
784,3
785,3
786,3
787,3
788,0
789,0
790,1
791,1
792,0
793,1
794,1
795,1
796,1
797,1
798,0
799,0
800,1
801,1
802,1
803,0
804,1
805,2
806,1
807,1
808,1
809,1
810,1
811,1
812,1
813,1
814,1
815,1
816,1
817,1
818,3
819,1
820,2
821,2
822,1
823,0
824,1
825,3
826,1
827,3
828,3
829,3
830,1
831,3
832,1
833,1
834,1
835,0
836,1
837,1
838,0
839,0
840,0
841,3
842,1
843,3
844,1
845,1
846,3
847,1
848,1
849,1
850,1
851,1
852,0
853,1
854,0
855,0
856,1
857,1
858,0
859,1
860,1
861,1
862,1
863,1
864,1
865,3
866,3
867,3
868,1
869,3
870,1
871,2
872,1
873,1
874,3
875,3
876,3
877,1
878,1
879,1
880,1
881,3
882,3
883,1
884,1
885,0
886,0
887,0
888,0
889,0
890,2
891,0
892,2
893,3
894,1
895,1
896,1
897,1
898,1
899,1
900,1
901,2
902,2
903,1
904,1
905,1
906,1
907,0
908,2
909,2
910,2
911,1
912,1
913,0
914,1
915,1
916,1
917,0
918,0
919,0
920,0
921,0
922,1
923,0
924,0
925,0
926,1
927,0
928,3
929,1
930,1
931,1
932,1
933,1
934,1
935,1
936,1
937,1
938,3
939,3
940,3
941,1
942,0
943,1
944,1
945,0
946,0
947,1
948,1
949,1
950,1
951,1
952,3
953,1
954,1
955,1
956,1
957,1
958,1
959,3
960,1
961,1
962,1
963,1
964,1
965,0
966,1
967,1
968,1
969,1
970,0
971,1
972,1
973,0
974,0
975,0
976,0
977,1
978,3
979,3
980,1
981,1
982,1
983,0
984,1
985,1
986,1
987,3
988,3
989,1
990,1
991,3
992,1
993,1
994,3
995,1
996,1
997,1
998,1
999,3
1000,1
1001,3
1002,1
1003,1
1004,1
1005,0
1006,3
1007,1
1008,1
1009,1
1010,1
1011,0
1012,0
1013,1
1014,3
1015,3
1016,3
1017,3
1018,0
1019,0
1020,0
1021,0
1022,0
1023,1
1024,1
1025,1
1026,3
1027,1
1028,1
1029,1
1030,0
1031,0
1032,3
1033,3
1034,1
1035,1
1036,1
1037,1
1038,0
1039,1
1040,1
1041,1
1042,1
1043,1
1044,1
1045,2
1046,3
1047,1
1048,1
1049,3
1050,1
1051,1
1052,0
1053,1
1054,1
1055,3
1056,3
1057,1
1058,1
1059,1
1060,3
1061,2
1062,1
1063,1
1064,1
1065,0
1066,2
1067,2
1068,0
1069,1
1070,0
1071,1
1072,0
1073,0
1074,0
1075,0
1076,1
1077,3
1078,0
1079,1
1080,1
1081,3
1082,3
1083,1
1084,0
1085,0
1086,1
1087,0
1088,1
1089,1
1090,1
1091,1
1092,3
1093,3
1094,1
1095,1
1096,0
1097,1
1098,0
1099,1
1100,1
1101,3
1102,1
1103,1
1104,1
1105,1
1106,3
1107,1
1108,1
1109,1
1110,3
1111,1
1112,3
1113,3
1114,1
1115,1
1116,1
1117,1
1118,1
1119,1
1120,0
1121,3
1122,2
1123,3
1124,1
1125,2
1126,1
1127,3
1128,1
1129,1
1130,1
1131,1
1132,0
1133,1
1134,1
1135,1
1136,1
1137,1
1138,1
1139,1
1140,0
1141,2
1142,1
1143,0
1144,0
1145,1
1146,0
1147,1
1148,1
1149,0
1150,0
1151,1
1152,3
1153,0
1154,0
1155,1
1156,0
1157,1
1158,3
1159,3
1160,1
1161,1
1162,1
1163,1
1164,3
1165,0
1166,0
1167,1
1168,1
1169,3
1170,3
1171,1
1172,1
1173,1
1174,1
1175,1
1176,1
1177,1
1178,1
1179,1
1180,1
1181,0
1182,0
1183,3
1184,1
1185,1
1186,1
1187,1
1188,1
1189,1
1190,3
1191,1
1192,1
1193,1
1194,1
1195,1
1196,1
1197,1
1198,2
1199,3
1200,1
1201,1
1202,1
1203,0
1204,0
1205,3
1206,0
1207,0
1208,2
1209,1
1210,1
1211,1
1212,3
1213,1
1214,1
1215,1
1216,0
1217,1
1218,1
1219,1
1220,1
1221,1
1222,1
1223,1
1224,3
1225,0
1226,0
1227,0
1228,0
1229,0
1230,2
1231,3
1232,3
1233,0
1234,0
1235,0
1236,0
1237,3
1238,3
1239,1
1240,1
1241,1
1242,1
1243,1
1244,1
1245,1
1246,1
1247,1
1248,3
1249,0
1250,2
1251,1
1252,1
1253,1
1254,1
1255,1
1256,3
1257,3
1258,2
1259,0
1260,3
1261,3
1262,3
1263,2
1264,1
1265,1
1266,1
1267,0
1268,3
1269,0
1270,1
1271,3
1272,0
1273,0
1274,3
1275,1
1276,1
1277,1
1278,1
1279,1
1280,1
1281,1
1282,1
1283,1
1284,1
1285,0
1286,0
1287,1
1288,3
1289,3
1290,1
1291,3
1292,1
1293,1
1294,1
1295,1
1296,1
1297,1
1298,1
1299,3
1300,3
1301,3
1302,1
1303,1
1304,1
1305,1
1306,1
1307,1
1308,3
1309,1
1310,1
1311,3
1312,1
1313,1
1314,3
1315,1
1316,2
1317,0
1318,2
1319,3
1320,1
1321,1
1322,2
1323,3
1324,1
1325,1
1326,1
1327,1
1328,2
1329,1
1330,0
1331,0
1332,0
1333,0
1334,3
1335,3
1336,3
1337,1
1338,3
1339,3
1340,1
1341,1
1342,1
1343,0
1344,0
1345,1
1346,0
1347,3
1348,0
1349,1
1350,1
1351,1
1352,3
1353,0
1354,3
1355,1
1356,1
1357,3
1358,1
1359,1
1360,1
1361,1
1362,3
1363,1
1364,3
1365,2
1366,1
1367,0
1368,1
1369,1
1370,1
1371,3
1372,3
1373,0
1374,1
1375,1
1376,1
1377,1
1378,3
1379,3
1380,3
1381,1
1382,0
1383,3
1384,0
1385,0
1386,1
1387,1
1388,3
1389,1
1390,1
1391,1
1392,1
1393,1
1394,1
1395,1
1396,1
1397,3
1398,3
1399,3
1400,3
1401,1
1402,3
1403,0
1404,1
1405,3
1406,0
1407,0
1408,0
1409,3
1410,0
1411,1
1412,1
1413,1
1414,3
1415,2
1416,2
1417,1
1418,1
1419,2
1420,1
1421,1
1422,1
1423,1
1424,3
1425,3
1426,3
1427,3
1428,0
1429,0
1430,1
1431,1
1432,1
1433,2
1434,0
1435,0
1436,1
1437,1
1438,1
1439,1
1440,0
1441,0
1442,0
1443,1
1444,2
1445,1
1446,1
1447,1
1448,3
1449,0
1450,0
1451,1
1452,0
1453,0
1454,3
1455,1
1456,2
1457,1
1458,3
1459,1
1460,1
1461,3
1462,0
1463,0
1464,1
1465,1
1466,0
1467,3
1468,1
1469,1
1470,1
1471,0
1472,1
1473,1
1474,0
1475,0
1476,1
1477,0
1478,1
1479,0
1480,0
1481,1
1482,1
1483,0
1484,1
1485,1
1486,1
1487,1
1488,1
1489,1
1490,1
1491,3
1492,1
1493,1
1494,1
1495,0
1496,1
1497,1
1498,1
1499,0
1500,0
1501,3
1502,2
1503,1
1504,3
1505,1
1506,1
1507,1
1508,1
1509,1
1510,1
1511,1
1512,1
1513,1
1514,3
1515,1
1516,1
1517,1
1518,1
1519,1
1520,1
1521,1
1522,1
1523,1
1524,3
1525,3
1526,1
1527,2
1528,2
1529,3
1530,0
1531,1
1532,3
1533,0
1534,1
1535,1
1536,1
1537,1
1538,3
1539,1
1540,3
1541,1
1542,1
1543,1
1544,1
1545,1
1546,0
1547,1
1548,1
1549,3
1550,1
1551,1
1552,1
1553,1
1554,3
1555,1
1556,1
1557,3
1558,3
1559,1
1560,2
1561,1
1562,1
1563,1
1564,1
1565,0
1566,1
1567,3
1568,3
1569,0
1570,1
1571,1
1572,1
1573,1
1574,0
1575,1
1576,1
1577,0
1578,1
1579,1
1580,1
1581,1
1582,1
1583,0
1584,0
1585,2
1586,0
1587,1
1588,1
1589,1
1590,3
1591,1
1592,1
1593,1
1594,0
1595,1
1596,1
1597,0
1598,0
1599,1
1600,1
1601,1
1602,1
1603,1
1604,1
1605,1
1606,1
1607,1
1608,1
1609,1
1610,1
1611,0
1612,1
1613,1
1614,3
1615,1
1616,1
1617,1
1618,3
1619,1
1620,1
1621,2
1622,0
1623,0
1624,1
1625,1
1626,3
1627,1
1628,3
1629,3
1630,1
1631,3
1632,0
1633,1
1634,2
1635,3
1636,3
1637,1
1638,2
1639,2
1640,2
1641,2
1642,3
1643,1
1644,1
1645,1
1646,1
1647,1
1648,2
1649,1
1650,3
1651,3
1652,3
1653,1
1654,3
1655,1
1656,3
1657,1
1658,1
1659,1
1660,1
1661,1
1662,3
1663,2
1664,2
1665,1
1666,0
1667,0
1668,1
1669,0
1670,1
1671,0
1672,3
1673,3
1674,1
1675,1
1676,0
1677,1
1678,1
1679,3
1680,1
1681,1
1682,1
1683,3
1684,0
1685,1
1686,3
1687,3
1688,1
1689,1
1690,1
1691,1
1692,3
1693,0
1694,1
1695,0
1696,3
1697,2
1698,1
1699,1
1700,1
1701,1
1702,0
1703,3
1704,1
1705,1
1706,1
1707,3
1708,2
1709,3
1710,2
1711,3
1712,1
1713,0
1714,0
1715,0
1716,0
1717,1
1718,1
1719,1
1720,1
1721,1
1722,1
1723,1
1724,1
1725,1
1726,1
1727,1
1728,3
1729,1
1730,1
1731,1
1732,1
1733,1
1734,3
1735,1
1736,3
1737,1
1738,1
1739,1
1740,3
1741,1
1742,3
1743,1
1744,1
1745,3
1746,1
1747,1
1748,1
1749,3
1750,1
1751,1
1752,1
1753,1
1754,1
1755,1
1756,1
1757,1
1758,1
1759,1
1760,1
1761,1
1762,1
1763,1
1764,1
1765,0
1766,1
1767,0
1768,1
1769,0
1770,1
1771,1
1772,0
1773,2
1774,0
1775,1
1776,1
1777,3
1778,1
1779,1
1780,2
1781,3
1782,3
1783,3
1784,1
1785,1
1786,1
1787,1
1788,3
1789,3
1790,0
1791,0
1792,1
1793,3
1794,3
1795,1
1796,1
1797,0
1798,3
1799,3
1800,0
1801,3
1802,0
1803,1
1804,1
1805,1
1806,1
1807,1
1808,1
1809,1
1810,2
1811,0
1812,0
1813,1
1814,1
1815,1
1816,1
1817,1
1818,1
1819,3
1820,0
1821,3
1822,1
1823,3
1824,1
1825,3
1826,1
1827,1
1828,1
1829,1
1830,1
1831,1
1832,1
1833,1
1834,3
1835,1
1836,1
1837,0
1838,1
1839,1
1840,1
1841,1
1842,1
1843,1
1844,1
1845,1
1846,1
1847,3
1848,1
1849,1
1850,1
1851,3
1852,1
1853,3
1854,3
1855,3
1856,0
1857,1
1858,3
1859,2
1860,1
1861,3
1862,3
1863,3
1864,2
1865,0
1866,1
1867,1
1868,0
1869,1
1870,1
1871,1
1872,1
1873,1
1874,0
1875,3
1876,1
1877,1
1878,1
1879,1
1880,1
1881,1
1882,3
1883,2
1884,3
1885,0
1886,0
1887,0
1888,1
1889,1
1890,1
1891,3
1892,1
1893,2
1894,1
1895,2
1896,1
1897,1
1898,1
1899,1
1900,3
1901,1
1902,0
1903,0
1904,1
1905,1
1906,1
1907,3
1908,2
1909,1
1910,3
1911,1
1912,1
1913,1
1914,1
1915,1
1916,1
1917,1
1918,1
1919,3
1920,3
1921,1
1922,1
1923,1
1924,3
1925,1
1926,1
1927,0
1928,2
1929,3
1930,0
1931,2
1932,1
1933,1
1934,1
1935,3
1936,1
1937,1
1938,1
1939,3
1940,3
1941,2
1942,1
1943,1
1944,1
1945,1
1946,3
1947,1
1948,1
1949,1
1950,1
1951,2
1952,1
1953,1
1954,1
1955,1
1956,3
1957,1
1958,1
1959,1
1960,1
1961,1
1962,3
1963,3
1964,3
1965,1
1966,1
1967,0
1968,1
1969,0
1970,0
1971,1
1972,2
1973,3
1974,2
1975,3
1976,3
1977,1
1978,3
1979,0
1980,2
1981,3
1982,0
1983,1
1984,1
1985,2
1986,1
1987,1
1988,0
1989,0
1990,1
1991,1
1992,1
1993,2
1994,3
1995,1
1996,1
1997,1
1998,1
1999,1
2000,2
2001,3
2002,1
2003,0
2004,1
2005,1
2006,0
2007,3
2008,3
2009,1
2010,0
2011,1
2012,1
2013,1
2014,3
2015,1
2016,3
2017,1
2018,1
2019,0
2020,1
2021,0
2022,0
2023,1
2024,1
2025,1
2026,3
2027,1
2028,1
2029,0
2030,3
2031,1
2032,0
2033,0
2034,1
2035,3
2036,1
2037,1
2038,1
2039,0
2040,3
2041,1
2042,1
2043,1
2044,1
2045,3
2046,1
2047,1
2048,1
2049,1
2050,1
2051,1
2052,3
2053,1
2054,1
2055,3
2056,1
2057,1
2058,1
2059,1
2060,3
2061,3
2062,0
2063,0
2064,1
2065,1
2066,1
2067,1
2068,1
2069,1
2070,1
2071,1
2072,1
2073,1
2074,1
2075,1
2076,1
2077,1
2078,1
2079,1
2080,3
2081,3
2082,1
2083,0
2084,0
2085,0
2086,0
2087,1
2088,1
2089,1
2090,0
2091,1
2092,1
2093,3
2094,0
2095,1
2096,0
2097,0
2098,3
2099,1
2100,1
2101,3
2102,1
2103,2
2104,3
2105,2
2106,3
2107,1
2108,0
2109,1
2110,2
2111,0
2112,3
2113,1
2114,0
2115,0
2116,0
2117,1
2118,0
2119,1
2120,2
2121,3
2122,3
2123,1
2124,1
2125,1
2126,1
2127,0
2128,1
2129,3
2130,3
2131,3
2132,1
2133,3
2134,1
2135,0
2136,1
2137,1
2138,3
2139,3
2140,0
2141,1
2142,1
2143,3
2144,1
2145,3
2146,1
2147,1
2148,1
2149,1
2150,2
2151,2
2152,2
2153,3
2154,3
2155,1
2156,1
2157,1
2158,3
2159,1
2160,1
2161,1
2162,3
2163,1
2164,1
2165,1
2166,1
2167,1
2168,1
2169,1
2170,3
2171,1
2172,1
2173,1
2174,1
2175,1
2176,1
2177,1
2178,1
2179,1
2180,1
2181,3
2182,3
2183,1
2184,3
2185,3
2186,0
2187,1
2188,1
2189,3
2190,1
2191,1
2192,1
2193,1
2194,1
2195,1
2196,1
2197,1
2198,1
2199,1
2200,2
2201,1
2202,1
2203,3
2204,2
2205,1
2206,2
2207,3
2208,3
2209,1
2210,1
2211,3
2212,1
2213,3
2214,1
2215,1
2216,1
2217,1
2218,1
2219,1
2220,1
2221,1
2222,0
2223,1
2224,1
2225,0
2226,1
2227,1
2228,1
2229,1
2230,1
2231,1
2232,1
2233,3
2234,1
2235,1
2236,3
2237,2
2238,1
2239,0
2240,1
2241,1
2242,3
2243,1
2244,2
2245,3
2246,1
2247,3
2248,2
2249,1
2250,2
2251,3
2252,3
2253,3
2254,1
2255,1
2256,1
2257,1
2258,3
2259,2
2260,1
2261,3
2262,3
2263,1
2264,1
2265,1
2266,3
2267,3
2268,0
2269,1
2270,3
2271,0
2272,2
2273,0
2274,1
2275,0
2276,1
2277,0
2278,1
2279,0
2280,1
2281,2
2282,1
2283,1
2284,1
2285,1
2286,1
2287,1
2288,1
2289,3
2290,1
2291,1
2292,1
2293,1
2294,3
2295,1
2296,1
2297,1
2298,1
2299,1
2300,1
2301,1
2302,1
2303,1
2304,1
2305,0
2306,1
2307,3
2308,3
2309,1
2310,3
2311,0
2312,1
2313,1
2314,1
2315,1
2316,3
2317,1
2318,1
2319,1
2320,1
2321,0
2322,0
2323,1
2324,0
2325,1
2326,1
2327,0
2328,3
2329,3
2330,2
2331,1
2332,1
2333,1
2334,1
2335,1
2336,1
2337,0
2338,0
2339,3
2340,1
2341,1
2342,3
2343,1
2344,3
2345,3
2346,1
2347,0
2348,3
2349,3
2350,0
2351,0
2352,3
2353,1
2354,1
2355,1
2356,0
2357,1
2358,1
2359,0
2360,0
2361,0
2362,0
2363,3
2364,0
2365,0
2366,1
2367,0
2368,1
2369,3
2370,1
2371,1
2372,1
2373,3
2374,1
2375,1
2376,1
2377,0
2378,1
2379,1
2380,1
2381,1
2382,1
2383,1
2384,1
2385,1
2386,1
2387,1
2388,1
2389,1
2390,1
2391,1
2392,2
2393,2
2394,1
2395,3
2396,3
2397,3
2398,3
2399,2
2400,2
2401,2
2402,3
2403,3
2404,0
2405,3
2406,3
2407,0
2408,1
2409,3
2410,1
2411,3
2412,1
2413,2
2414,3
2415,0
2416,1
2417,1
2418,1
2419,1
2420,1
2421,0
2422,3
2423,3
2424,3
2425,1
2426,1
2427,1
2428,3
2429,1
2430,1
2431,1
2432,3
2433,0
2434,3
2435,3
2436,3
2437,3
2438,0
2439,3
2440,3
2441,1
2442,3
2443,3
2444,1
2445,1
2446,1
2447,1
2448,1
2449,1
2450,2
2451,1
2452,1
2453,1
2454,1
2455,1
2456,1
2457,1
2458,1
2459,1
2460,3
2461,3
2462,0
2463,1
2464,1
2465,3
2466,3
2467,3
2468,2
2469,1
2470,1
2471,1
2472,1
2473,1
2474,1
2475,1
2476,1
2477,2
2478,0
2479,0
2480,1
2481,3
2482,2
2483,0
2484,3
2485,1
2486,3
2487,1
2488,1
2489,1
2490,3
2491,3
2492,3
2493,2
2494,2
2495,1
2496,3
2497,2
2498,1
2499,3
2500,1
2501,1
2502,1
2503,1
2504,1
2505,1
2506,1
2507,2
2508,3
2509,3
2510,2
2511,0
2512,0
2513,0
2514,1
2515,1
2516,1
2517,1
2518,0
2519,3
2520,3
2521,1
2522,2
2523,3
2524,1
2525,1
2526,1
2527,1
2528,1
2529,1
2530,0
2531,0
2532,1
2533,1
2534,1
2535,1
2536,1
2537,1
2538,1
2539,3
2540,1
2541,0
2542,1
2543,0
2544,1
2545,1
2546,0
2547,1
2548,3
2549,2
2550,0
2551,1
2552,3
2553,3
2554,3
2555,0
2556,0
2557,0
2558,3
2559,0
2560,1
2561,1
2562,1
2563,3
2564,3
2565,3
2566,1
2567,1
2568,1
2569,1
2570,1
2571,2
2572,1
2573,3
2574,3
2575,1
2576,3
2577,3
2578,0
2579,3
2580,0
2581,3
2582,0
2583,3
2584,3
2585,1
2586,3
2587,1
2588,1
2589,0
2590,1
2591,0
2592,1
2593,1
2594,1
2595,3
2596,3
2597,3
2598,3
2599,0
2600,1
2601,2
2602,3
2603,2
2604,3
2605,1
2606,0
2607,1
2608,0
2609,1
2610,1
2611,0
2612,1
2613,0
2614,0
2615,1
2616,0
2617,3
2618,1
2619,1
2620,1
2621,3
2622,3
2623,1
2624,1
2625,1
2626,1
2627,1
2628,1
2629,3
2630,0
2631,1
2632,1
2633,1
2634,1
2635,1
2636,1
2637,1
2638,1
2639,3
2640,3
2641,1
2642,3
2643,3
2644,3
2645,0
2646,3
2647,1
2648,1
2649,1
2650,2
2651,3
2652,3
2653,3
2654,1
2655,1
2656,1
2657,1
2658,1
2659,1
2660,1
2661,0
2662,1
2663,1
2664,1
2665,2
2666,2
2667,3
2668,1
2669,0
2670,0
2671,0
2672,1
2673,0
2674,0
2675,1
2676,1
2677,1
2678,1
2679,1
2680,1
2681,1
2682,1
2683,1
2684,1
2685,3
2686,1
2687,1
2688,1
2689,1
2690,1
2691,2
2692,3
2693,0
2694,1
2695,1
2696,1
2697,1
2698,1
2699,3
2700,3
2701,1
2702,0
2703,0
2704,1
2705,1
2706,1
2707,1
2708,1
2709,1
2710,0
2711,1
2712,1
2713,1
2714,1
2715,1
2716,1
2717,3
2718,0
2719,3
2720,1
2721,0
2722,0
2723,1
2724,1
2725,1
2726,1
2727,0
2728,1
2729,1
2730,1
2731,0
2732,3
2733,3
2734,0
2735,1
2736,1
2737,1
2738,1
2739,1
2740,3
2741,1
2742,2
2743,3
2744,1
2745,1
2746,1
2747,0
2748,1
2749,0
2750,0
2751,0
2752,1
2753,1
2754,1
2755,3
2756,3
2757,3
2758,1
2759,3
2760,0
2761,0
2762,1
2763,1
2764,1
2765,3
2766,3
2767,1
2768,1
2769,1
2770,1
2771,3
2772,1
2773,1
2774,1
2775,1
2776,1
2777,1
2778,1
2779,1
2780,1
2781,3
2782,1
2783,1
2784,0
2785,1
2786,1
2787,3
2788,0
2789,0
2790,1
2791,3
2792,1
2793,3
2794,1
2795,1
2796,2
2797,3
2798,0
2799,0
2800,1
2801,1
2802,1
2803,1
2804,0
2805,0
2806,1
2807,3
2808,1
2809,1
2810,1
2811,3
2812,3
2813,1
2814,1
2815,1
2816,1
2817,3
2818,0
2819,1
2820,2
2821,2
2822,2
2823,3
2824,1
2825,0
2826,2
2827,1
2828,1
2829,1
2830,3
2831,0
2832,0
2833,0
2834,3
2835,1
2836,0
2837,3
2838,1
2839,1
2840,1
2841,1
2842,2
2843,3
2844,3
2845,3
2846,0
2847,3
2848,1
2849,2
2850,3
2851,3
2852,1
2853,1
2854,1
2855,3
2856,1
2857,3
2858,1
2859,3
2860,1
2861,3
2862,1
2863,1
2864,2
2865,1
2866,1
2867,1
2868,1
2869,3
2870,1
2871,1
2872,0
2873,1
2874,3
2875,1
2876,1
2877,1
2878,3
2879,3
2880,3
2881,1
2882,3
2883,3
2884,3
2885,1
2886,3
2887,2
2888,0
2889,1
2890,1
2891,1
2892,1
2893,1
2894,1
2895,1
2896,3
2897,1
2898,2
2899,0
2900,3
2901,0
2902,0
2903,0
2904,0
2905,0
2906,1
2907,0
2908,0
2909,1
2910,3
2911,2
2912,1
2913,1
2914,1
2915,3
2916,1
2917,3
2918,0
2919,3
2920,2
2921,1
2922,1
2923,1
2924,1
2925,1
2926,3
2927,1
2928,0
2929,1
2930,0
2931,1
2932,1
2933,0
2934,0
2935,0
2936,0
2937,0
2938,0
2939,3
2940,3
2941,3
2942,1
2943,1
2944,1
2945,3
2946,1
2947,1
2948,1
2949,1
2950,1
2951,1
2952,3
2953,1
2954,1
2955,1
2956,3
2957,3
2958,1
2959,3
2960,2
2961,2
2962,3
2963,1
2964,1
2965,1
2966,1
2967,1
2968,0
2969,0
2970,1
2971,1
2972,1
2973,1
2974,1
2975,1
2976,1
2977,1
2978,1
2979,1
2980,1
2981,1
2982,1
2983,1
2984,3
2985,1
2986,3
2987,0
2988,0
2989,0
2990,1
2991,3
2992,1
2993,1
2994,1
2995,0
2996,0
2997,1
2998,0
2999,0
3000,0
3001,0
3002,0
3003,3
3004,1
3005,1
3006,1
3007,0
3008,3
3009,2
3010,1
3011,2
3012,1
3013,2
3014,3
3015,2
3016,3
3017,1
3018,1
3019,0
3020,1
3021,2
3022,3
3023,1
3024,2
3025,1
3026,1
3027,3
3028,1
3029,1
3030,3
3031,3
3032,1
3033,2
3034,0
3035,1
3036,2
3037,0
3038,2
3039,3
